[
  {
    "firstname": "viveka",
    "middlename": "nandini",
    "lastname": "taviti",
    "username": "nandinitaviti",
    "email": "tavitinandini@gmail.com",
    "phone": "9000934017",
    "password": "nandini_000"
  },
  {
    "firstname": "Yuvaraj",
    "middlename": "chowdary",
    "lastname": "kanagala",
    "username": "uvchowdary",
    "email": "uvchowdary1000@gmail.com",
    "phone": "7993084292",
    "password": "uv#123"
  },
  {
    "username": "hkjshkjts",
    "email": "tavitinandini@gmail.com",
    "phone": "09000934017",
    "password": "nandini"
  },
  {
    "username": "naralagjfi",
    "email": "polinedianil@gmail.com",
    "phone": "7898983748",
    "password": "harshi"
  },
  {
    "username": "vharshi",
    "email": "harshi@gmail.com",
    "phone": "3839729279",
    "password": "harshitha"
  }
]